Track,Album,Album Disc Number,Album Label,Album Track Number,Dates,Disney Gallery Location,Holiday/Special Event,Loop,Loop Notes,Loop Total Length,Loop Track Length,Track Artist,Track No.,Track Notes
Once Upon a Dream,Disneyland Forever,,,,,New Orleans Square,,"[1987-1997] The Art of Disneyland v.2, [2001-2002] A Brush with Disney: The Art of Herbert Ryman","This loop played in the Disney Gallery in New Orleans Square. According to the Disneyland Forever Project PDF, ""The Disney Gallery tracks are from a music loop first used in 1994.  The loop was removed for the New Tomorrowland exhibit but returned with the Herb Ryman exhibit in 2001 and 2002.  The music loop was probably first prepared for the Auberge de Cendrillon restaurant in Fantasyland at Disneyland Paris.” Also reported as “Disney Gallery Chateau Background Music” on Magic Music by Progressland in 2001, see https://community.magicmusic.net/threads/disneyland-music-loops.17/post-72 (2002). Also see https://disney-parks-music-compendium.blogspot.com/2022/11/the-disney-gallery-art-of-disneyland-bgm.html.",Unknown,,,1,
See loop notes,Disney Strings Fantasy,,Disneyland,,,New Orleans Square,,[1987-1997] The Art of Disneyland v.1,"This loop played in the Disney Gallery in New Orleans Square, which opened with “The Art of Disneyland” exhibit on July 11, 1987. According to Magic Music user fairlight2x, tracks from the album “Disney Strings Fantasy” (1987, DL Records Japan) and/or Vol. 2 in the series were used as the gallery BGM prior to the late 90s. It is unclear which tracks were used. See https://community.magicmusic.net/threads/disney-strings-fantasy.5071/ (2015) and MouseBits, https://forums.mousebits.com/threads/the-disney-gallery-music-2-0.7840/post-76673 (2013).",Unknown,,Haruki Mino (arranger),1,
Who's Afraid of the Big Bad Wolf?,Unreleased,,,,,New Orleans Square,,"[1987-1997] The Art of Disneyland v.2, [2001-2002] A Brush with Disney: The Art of Herbert Ryman",,,,,2,
Alice in Wonderland,Disneyland Forever,,,,,New Orleans Square,,"[1987-1997] The Art of Disneyland v.2, [2001-2002] A Brush with Disney: The Art of Herbert Ryman",,,,,3,
Zip-a-Dee-Doo-Dah,Disneyland Forever,,,,,New Orleans Square,,"[1987-1997] The Art of Disneyland v.2, [2001-2002] A Brush with Disney: The Art of Herbert Ryman",,,,,4,
Lavender Blue (Dilly Dilly),Disneyland Forever,,,,,New Orleans Square,,"[1987-1997] The Art of Disneyland v.2, [2001-2002] A Brush with Disney: The Art of Herbert Ryman",,,,,5,
I'm Wishing,Unreleased,,,,,New Orleans Square,,"[1987-1997] The Art of Disneyland v.2, [2001-2002] A Brush with Disney: The Art of Herbert Ryman",,,,,6,
The Work Song,Disneyland Forever,,,,,New Orleans Square,,"[1987-1997] The Art of Disneyland v.2, [2001-2002] A Brush with Disney: The Art of Herbert Ryman",,,,,9,
Little April Shower,Disneyland Forever,,,,,New Orleans Square,,"[1987-1997] The Art of Disneyland v.2, [2001-2002] A Brush with Disney: The Art of Herbert Ryman",,,,,8,
Love is a Song,Disneyland Forever,,,,,New Orleans Square,,"[1987-1997] The Art of Disneyland v.2, [2001-2002] A Brush with Disney: The Art of Herbert Ryman",,,,,7,
Heigh-Ho,Unreleased,,,,,New Orleans Square,,"[1987-1997] The Art of Disneyland v.2, [2001-2002] A Brush with Disney: The Art of Herbert Ryman",,,,,15,
Whistle While You Work,Unreleased,,,,,New Orleans Square,,"[1987-1997] The Art of Disneyland v.2, [2001-2002] A Brush with Disney: The Art of Herbert Ryman",,,,,14,
So This is Love,Disneyland Forever,,,,,New Orleans Square,,"[1987-1997] The Art of Disneyland v.2, [2001-2002] A Brush with Disney: The Art of Herbert Ryman",,,,,13,
Hi-Diddle-Dee-Dee,Unreleased,,,,,New Orleans Square,,"[1987-1997] The Art of Disneyland v.2, [2001-2002] A Brush with Disney: The Art of Herbert Ryman",,,,,12,
The Second Star to the Right,Disneyland Forever,,,,,New Orleans Square,,"[1987-1997] The Art of Disneyland v.2, [2001-2002] A Brush with Disney: The Art of Herbert Ryman",,,,,11,
When You Wish Upon a Star,Unreleased,,,,,New Orleans Square,,"[1987-1997] The Art of Disneyland v.2, [2001-2002] A Brush with Disney: The Art of Herbert Ryman",,,,,10,
Part of Your World,Disneyland Forever,,,,,New Orleans Square,,"[1987-1997] The Art of Disneyland v.2, [2001-2002] A Brush with Disney: The Art of Herbert Ryman",,,,,21,
Spoonful of Sugar,Disneyland Forever,,,,,New Orleans Square,,"[1987-1997] The Art of Disneyland v.2, [2001-2002] A Brush with Disney: The Art of Herbert Ryman",,,,,20,
One Song,Unreleased,,,,,New Orleans Square,,"[1987-1997] The Art of Disneyland v.2, [2001-2002] A Brush with Disney: The Art of Herbert Ryman",,,,,19,
Ev'rybody Has a Laughing Place,Disneyland Forever,,,,,New Orleans Square,,"[1987-1997] The Art of Disneyland v.2, [2001-2002] A Brush with Disney: The Art of Herbert Ryman",,,,,18,
A Smile and a Song,Unreleased,,,,,New Orleans Square,,"[1987-1997] The Art of Disneyland v.2, [2001-2002] A Brush with Disney: The Art of Herbert Ryman",,,,,17,
Belle,Disneyland Forever,,,,,New Orleans Square,,"[1987-1997] The Art of Disneyland v.2, [2001-2002] A Brush with Disney: The Art of Herbert Ryman",,,,,16,
Little Wooden Head,Unreleased,,,,,New Orleans Square,,"[1987-1997] The Art of Disneyland v.2, [2001-2002] A Brush with Disney: The Art of Herbert Ryman",,,,,27,
I Wonder,Disneyland Forever,,,,,New Orleans Square,,"[1987-1997] The Art of Disneyland v.2, [2001-2002] A Brush with Disney: The Art of Herbert Ryman",,,,,26,
Someday My Prince Will Come,Unreleased,,,,,New Orleans Square,,"[1987-1997] The Art of Disneyland v.2, [2001-2002] A Brush with Disney: The Art of Herbert Ryman",,,,,25,
You Can Fly! You Can Fly! You Can Fly!,Disneyland Forever,,,,,New Orleans Square,,"[1987-1997] The Art of Disneyland v.2, [2001-2002] A Brush with Disney: The Art of Herbert Ryman",,,,,24,
I'm Late,Disneyland Forever,,,,,New Orleans Square,,"[1987-1997] The Art of Disneyland v.2, [2001-2002] A Brush with Disney: The Art of Herbert Ryman",,,,,23,
I've Got No Strings,Unreleased,,,,,New Orleans Square,,"[1987-1997] The Art of Disneyland v.2, [2001-2002] A Brush with Disney: The Art of Herbert Ryman",,,,,22,
Give a Little Whistle,Unreleased,,,,,New Orleans Square,,"[1987-1997] The Art of Disneyland v.2, [2001-2002] A Brush with Disney: The Art of Herbert Ryman",,,,,28,
Monorail Song / Nation on Wheels,Disneyland Forever,,,,,New Orleans Square,,[1997-2000] Tomorrowland: Looking at the Future 1955 - 1998,"This loop played at the Disney Gallery in New Orleans Square. In use for the duration of the Tomorrowland: Looking at the Future exhibit, from July 11, 1997 until 2000. Tracklist compiled by Progressland and wedroy1923. See Magic Music, https://community.magicmusic.net/threads/disneyland-music-loops.17/post-72 (2002) and MouseBits, https://forums.mousebits.com/threads/the-disney-gallery-music-2-0.7840/ (2013). RocketRodsXPR noted that this loop “was for the largest portion of the gallery, although at least one of the rooms (the one featuring the 1998 models and art) had a different loop.” Also see MouseBits, https://forums.mousebits.com/threads/the-disney-gallery.6886/ (2011) and the Disney Parks Music Compendium tracklist https://disney-parks-music-compendium.blogspot.com/2022/12/the-disney-gallery-tomorrowland.html.",~00:38:57,03:26,,1,
See loop notes,,,,,,New Orleans Square,,[2002] 100 Mickeys [INC],"This loop played at the Disney Gallery in New Orleans Square. It was in use for the duration of the One Hundred Mickeys exhibit in 2002 (artwork commissioned from Eric Robison to celebrate Walt Disney’s 100th birthday). No track list exists for this loop. See MouseBits, https://forums.mousebits.com/threads/the-disney-gallery-music-2-0.7840/#post-73222 (2013) and Magic Music, https://community.magicmusic.net/threads/disneyland-music-loops.17/page-2#post-218 (2002).",Unknown,,,1,
See loop notes,,,,,,New Orleans Square,,[2003-2005] Frights Camera Action! The Haunted Mansion Goes Hollywood,"This loop played at the Disney Gallery in New Orleans Square. It was in use for the duration of the Frights, Camera, Action! The Haunted Mansion Goes Hollywood exhibit from 2003 until 2005. No tracklist exists for this loop. See Magic Music, https://community.magicmusic.net/threads/hmh-disney-gallery-loop.3943/#post-28481 (2008).",,,,1,
House of the Future Narration,Disneyland Forever,,,,,New Orleans Square,,[1997-2000] Tomorrowland: Looking at the Future 1955 - 1998,,,00:45,,2,Edited
"20,000 Leagues Under the Sea Exhibit Narration",Disneyland Forever,,,,,New Orleans Square,,[1997-2000] Tomorrowland: Looking at the Future 1955 - 1998,,,01:13,,3,
Submarine Voyage Narration (from A Gala Day at Disneyland),,,,,,New Orleans Square,,[1997-2000] Tomorrowland: Looking at the Future 1955 - 1998,,,04:27,,4,
Tomorrowland Art Corner Announcement,Disneyland Forever,,,,,New Orleans Square,,[1997-2000] Tomorrowland: Looking at the Future 1955 - 1998,,,01:20,,5,Edited
Space Mountain Com Chat,Disneyland Forever,,,,,New Orleans Square,,[1997-2000] Tomorrowland: Looking at the Future 1955 - 1998,,,01:55,,7,Edited: ~00:03 - ~01:53
Carousel of Progress Kaleidophonic Opening,Disneyland Forever,,,,,New Orleans Square,,[1997-2000] Tomorrowland: Looking at the Future 1955 - 1998,,,02:41,,6,
Adventure Thru Inner Space Loading Area,Disneyland Forever,,,,,New Orleans Square,,[1997-2000] Tomorrowland: Looking at the Future 1955 - 1998,,,02:02,,9,Edited
America the Beautiful Opening,,,,,,New Orleans Square,,[1997-2000] Tomorrowland: Looking at the Future 1955 - 1998,,,00:55,,8,
Miracles from Molecules,Disneyland Forever,,,,,New Orleans Square,,[1997-2000] Tomorrowland: Looking at the Future 1955 - 1998,,,02:37,,14,
Adventure Thru Inner Space Narration,Disneyland Forever,,,,,New Orleans Square,,[1997-2000] Tomorrowland: Looking at the Future 1955 - 1998,,,04:17,,13,
PeopleMover Music (Industry in Motion No. 1),,,,,,New Orleans Square,,[1997-2000] Tomorrowland: Looking at the Future 1955 - 1998,,,02:07,,12,
PeopleMover Boarding Announcement,,,,,,New Orleans Square,,[1997-2000] Tomorrowland: Looking at the Future 1955 - 1998,,,00:11,,11,
Miracles from Molecules,Disneyland Forever,,,,,New Orleans Square,,[1997-2000] Tomorrowland: Looking at the Future 1955 - 1998,,,01:46,,10,
There’s A Great Big Beautiful Tomorrow,,,,,,New Orleans Square,,[1997-2000] Tomorrowland: Looking at the Future 1955 - 1998,,,00:56,,19,
PeopleMover Narration (Jack Wagner),,,,,,New Orleans Square,,[1997-2000] Tomorrowland: Looking at the Future 1955 - 1998,,,02:43,,18,
Carousel of Progress Load Music,,,,,,New Orleans Square,,[1997-2000] Tomorrowland: Looking at the Future 1955 - 1998,,,01:38,,17,
Miracles from Molecules (Lounge Version),Disneyland Forever,,,,,New Orleans Square,,[1997-2000] Tomorrowland: Looking at the Future 1955 - 1998,,,02:37,,16,
Space Mountain Com Chat,Disneyland Forever,,,,,New Orleans Square,,[1997-2000] Tomorrowland: Looking at the Future 1955 - 1998,,,01:29,,15,Edited: ~02:34 - End
Introduction,,,,,,New Orleans Square,,[1997-2000] Tomorrowland: Imagination and Beyond 1998-,"This loop played at the Disney Gallery in New Orleans Square. In use for the duration of the Tomorrowland: Imagination and Beyond 1998- exhibit, from July 11, 1997 until 2000. Tracklist compiled by Progressland and wedroy1923. See Magic Music, https://community.magicmusic.net/threads/disneyland-music-loops.17/post-72 (2002) and MouseBits, https://forums.mousebits.com/threads/the-disney-gallery-music-2-0.7840/ (2013).  Further information provided by Horizons on Magic Music, https://community.magicmusic.net/threads/future-world-innoventions-plaza-area-music.5215/ (2008). RocketRodsXPR noted that this loop “was for the largest portion of the gallery, although at least one of the rooms (the one featuring the 1998 models and art) had a different loop.” Also see MouseBits, https://forums.mousebits.com/threads/the-disney-gallery.6886/post-57915 (2011) and the Disney Parks Music Compendium tracklist https://disney-parks-music-compendium.blogspot.com/2022/11/the-disney-gallery-imagination-and.html.",~52:39,,,1,
Future World Theme,,,,,,New Orleans Square,,[1997-2000] Tomorrowland: Imagination and Beyond 1998-,,,,,2,
Fiber Optics,Walt Disney World Forever,,,,,New Orleans Square,,[1997-2000] Tomorrowland: Imagination and Beyond 1998-,,,,,3,
Innoventions Theme,Walt Disney World Forever,,,,,New Orleans Square,,[1997-2000] Tomorrowland: Imagination and Beyond 1998-,,,,,4,"a. Innoventions Theme
b. Interlude I"
Golden Dream,Walt Disney World Forever,,,,,New Orleans Square,,[1997-2000] Tomorrowland: Imagination and Beyond 1998-,,,,,5,
Fountain of Nations,Walt Disney World Forever,,,,,New Orleans Square,,[1997-2000] Tomorrowland: Imagination and Beyond 1998-,,,,,7,
Arcs,Walt Disney World Forever,,,,,New Orleans Square,,[1997-2000] Tomorrowland: Imagination and Beyond 1998-,,,,,6,
Symphony of the Seed,,,,,,New Orleans Square,,[1997-2000] Tomorrowland: Imagination and Beyond 1998-,,,,,11,
Interlude II,Walt Disney World Forever,,,,,New Orleans Square,,[1997-2000] Tomorrowland: Imagination and Beyond 1998-,,,,,10,
(We Used to) Listen to the Land,Walt Disney World Forever,,,,,New Orleans Square,,[1997-2000] Tomorrowland: Imagination and Beyond 1998-,,,,,9,"a. Interlude II
b. (We Used to) Listen to the Land"
Spaceship Earthrise,,,,,,New Orleans Square,,[1997-2000] Tomorrowland: Imagination and Beyond 1998-,,,,,8,
9’ 35’’ for Six Weeks,,,,,,New Orleans Square,,[1997-2000] Tomorrowland: Imagination and Beyond 1998-,,,,,15,
Interlude IV,,,,,,New Orleans Square,,[1997-2000] Tomorrowland: Imagination and Beyond 1998-,,,,,14,
Cascades,Walt Disney World Forever,,,,,New Orleans Square,,[1997-2000] Tomorrowland: Imagination and Beyond 1998-,,,,,13,
Great Big Beautiful Tomorrow,,,,,,New Orleans Square,,[1997-2000] Tomorrowland: Imagination and Beyond 1998-,,,,,12,
Grows on You,,,,,,New Orleans Square,,[1997-2000] Tomorrowland: Imagination and Beyond 1998-,,,,,24,
Interlude VIII,,,,,,New Orleans Square,,[1997-2000] Tomorrowland: Imagination and Beyond 1998-,,,,,23,
Future World Theme,,,,,,New Orleans Square,,[1997-2000] Tomorrowland: Imagination and Beyond 1998-,,,,,22,
Global Neighborhood,Walt Disney World Forever,,,,,New Orleans Square,,[1997-2000] Tomorrowland: Imagination and Beyond 1998-,,,,,21,
Interlude VII,,,,,,New Orleans Square,,[1997-2000] Tomorrowland: Imagination and Beyond 1998-,,,,,20,
World on the Move,Walt Disney World Forever,,,,,New Orleans Square,,[1997-2000] Tomorrowland: Imagination and Beyond 1998-,,,,,19,
Magic Journeys,,,,,,New Orleans Square,,[1997-2000] Tomorrowland: Imagination and Beyond 1998-,,,,,18,
Future World Past,Walt Disney World Forever,,,,,New Orleans Square,,[1997-2000] Tomorrowland: Imagination and Beyond 1998-,,,,,17,"a. The Living Seas
b. Horizons
c. Fun to be Free 
d. Interlude V"
Innoventions Adagio,,,,,,New Orleans Square,,[1997-2000] Tomorrowland: Imagination and Beyond 1998-,,,,,16,
"Haunted Mansion, 'Graveyard Music’",Disneyland Forever,,,,,New Orleans Square,,[2002-2003] Grim Grinning Ghosts,"This loop played in the Disney Gallery in New Orleans Square. It was used as part of the Grim, Grinning Ghosts exhibit from 10/2002 to 20/2003. A few tracks were identified by RocketRodsXPR using YouTube videos from the time period. See MouseBits, https://forums.mousebits.com/threads/the-disney-gallery-music-2-0.7840/post-73222 (2013).",Unknown,,,1,
Overture (The Nightmare Before Christmas),The Nightmare Before Christmas OST,,,,,New Orleans Square,,[2002-2003] Grim Grinning Ghosts,,,,Danny Elfman,,
See loop notes,,,,,,New Orleans Square,,[2003] A Pirate's Life for Me,"This loop played in the Disney Gallery in New Orleans Square. It was used as part of the A Pirate’s Life for Me exhibit in 2003. It is unknown what played as part of this loop. See MouseBits, https://forums.mousebits.com/threahttps://forums.mousebits.com/threads/the-disney-gallery-music-2-0.7840/post-73222ads/the-disney-gallery-music-2-0.7840/post-73222 (2013).",Unknown,,,1,
I'm Wishing (Vocal),,,,,,New Orleans Square,,[2005-2007] Disneyland: A Magical Canvas: 50 Artists Celebrate 50 Years [INC],"This loop played in the Disney Gallery in New Orleans Square. This loop was the BGM for the “Disneyland, A Magical Canvas: 50 Artists Celebrate 50 Years” from 05/2005 until 08/2007. Partial tracklist compiled by wedroy1923 based on multiple live video recordings. See MouseBits, https://forums.mousebits.com/threads/the-disney-gallery.6886/ (2011) and https://forums.mousebits.com/threads/the-disney-gallery-music-2-0.7840/ (2013).",,,,1,
Who's Afraid of the Big Bad Wolf?,Walt Disney World Forever,,,,,New Orleans Square,,[2005-2007] Disneyland: A Magical Canvas: 50 Artists Celebrate 50 Years [INC],,,,,3,
Pirates of the Caribbean Overture,Disneyland Forever,,,,,New Orleans Square,,[2005-2007] Disneyland: A Magical Canvas: 50 Artists Celebrate 50 Years [INC],,,,,4,
There's a Bright New World of Innoventions (Home Version),Disneyland Forever,,,,,New Orleans Square,,[2005-2007] Disneyland: A Magical Canvas: 50 Artists Celebrate 50 Years [INC],,,,,5,
Puppy Love,Walt Disney World Forever,,,,,New Orleans Square,,[2005-2007] Disneyland: A Magical Canvas: 50 Artists Celebrate 50 Years [INC],,,,,,
You Can Fly,The Disney Gallery Commemorative Exhibition: Imagineering the Dream,,,,,New Orleans Square,,[2005-2007] Disneyland: A Magical Canvas: 50 Artists Celebrate 50 Years [INC],,,,,,Edited to exclude 00.00 to 00.18
Monorail Song (Magic Skyway),Walt Disney and the 1964 World’s Fair,,,,,New Orleans Square,,[2005-2007] Disneyland: A Magical Canvas: 50 Artists Celebrate 50 Years [INC],,,,,,
Yankee Doodle Dandy,Disneyland Forever / Walt Disney World Forever,,,,,New Orleans Square,,[2005-2007] Disneyland: A Magical Canvas: 50 Artists Celebrate 50 Years [INC],,,,,,
Fantasyland Castle Medley,Official Album (1997),,,,,New Orleans Square,,[2005-2007] Disneyland: A Magical Canvas: 50 Artists Celebrate 50 Years [INC],,,,,,
When You Wish Upon a Star,A Musical History of Disneyland,,,,,New Orleans Square,,[2005-2007] Disneyland: A Magical Canvas: 50 Artists Celebrate 50 Years [INC],,,,,,
All in the Golden Afternoon,Disneyland Forever,,,,,New Orleans Square,,[2005-2007] Disneyland: A Magical Canvas: 50 Artists Celebrate 50 Years [INC],,,,,,
Goodbye My Coney Island Baby,Disneyland Forever / Walt Disney World Forever,,,,,New Orleans Square,,[2005-2007] Disneyland: A Magical Canvas: 50 Artists Celebrate 50 Years [INC],,,,,2,
Zip-a-Dee-Doo-Dah,Disneyland Forever,,,,,New Orleans Square,,[2005-2007] Disneyland: A Magical Canvas: 50 Artists Celebrate 50 Years [INC],,,,,,
I Could Love a Million Girls,Disneyland Forever / Walt Disney World Forever,,,,,New Orleans Square,,[2005-2007] Disneyland: A Magical Canvas: 50 Artists Celebrate 50 Years [INC],,,,,,
See loop notes,,,,,,New Orleans Square,,[2007] Inspired by Disneyland [INC],"This loop played in the Disney Gallery in New Orleans Square. The loop was the BGM for the final exhibit of the Disney Gallery, “Inspired by Disneyland” which was featured in 2007. No tracklist exists for this loop, although RocketRodsXPR has postulated that the loop is the same as “A Magical Canvas.” See MouseBits, https://forums.mousebits.com/threads/the-disney-gallery-music-2-0.7840/post-73222 (2013).",Unknown,,,1,
Zip-a-Dee-Doo-Dah,Disneyland Forever OR Walt Disney World Forever,,,,,"Main Street U.S.A. (Opera House Lobby), Main Street U.S.A. (storefront)",,"[2009-2010] Enchanting the Classics, [2013] Tiki Tiki Tiki Realms – Celebrating 50 Years of Enchantment [REF], [2014-2015] Mechanical Kingdoms – Steam-Driven Visions of a Victorian Future, [2015-2016] Drawing Disneyland – The Early Years, [2015] Snow Queens – Art of Ice, [2016-2018?] Disney's Steam Trains – A Man & His Passion for the Railroad, [2018-2019] The Art of Mary Poppins Returns (December 2018-2019)","This loop played in the Disney Gallery on Main Street, U.S.A. as the BGM for the exhibit ”Enchanting the Classics”, which was featured from 10/2009-05/2010. The loop was also featured in the Opera House lobby during the 50th anniversary celebration, and reappeared in 2013 as part of the Disneyland Story where it was used for the Tiki Tiki Tiki Realms (2013), Mechanical Kingdoms (2014-2015), and Snow Queens (2015) exhibits based on reference recordings by pixelated. While unverified, it is likely that it was in place for the Drawing Disneyland, Disney’s Steam Trains, and The Art of Mary Poppins exhibits. This loop also appears to be identical to that of the Magic Kingdom and Tokyo Disneyland Main Entrance loops. Tracklist compiled by wedroy1923 and is partially confirmed by notes and recordings. See MouseBits, https://mousebits.com/smf/index.php?topic=8193.msg75211#msg75211 (2013) and https://forums.mousebits.com/threads/the-disney-gallery-music-2-0.7840/ (2013).",56:21.005,,,1,Edited to exclude ~01.03 - 02.31
Winnie the Pooh,Unreleased,,,,,"Main Street U.S.A. (Opera House Lobby), Main Street U.S.A. (storefront)",,"[2009-2010] Enchanting the Classics, [2013] Tiki Tiki Tiki Realms – Celebrating 50 Years of Enchantment [REF], [2014-2015] Mechanical Kingdoms – Steam-Driven Visions of a Victorian Future, [2015-2016] Drawing Disneyland – The Early Years, [2015] Snow Queens – Art of Ice, [2016-2018?] Disney's Steam Trains – A Man & His Passion for the Railroad, [2018-2019] The Art of Mary Poppins Returns (December 2018-2019)",,,,,2,Winnie the Pooh attraction queue (Disneyland)
You've Got a Friend in Me,Magical Musicals,,,,,"Main Street U.S.A. (Opera House Lobby), Main Street U.S.A. (storefront)",,"[2009-2010] Enchanting the Classics, [2013] Tiki Tiki Tiki Realms – Celebrating 50 Years of Enchantment [REF], [2014-2015] Mechanical Kingdoms – Steam-Driven Visions of a Victorian Future, [2015-2016] Drawing Disneyland – The Early Years, [2015] Snow Queens – Art of Ice, [2016-2018?] Disney's Steam Trains – A Man & His Passion for the Railroad, [2018-2019] The Art of Mary Poppins Returns (December 2018-2019)",,,,Erich Kuznel & the Cincinnati Pops Orchestra,3,
Beautiful Beulah,Disneyland Forever OR Walt Disney World Forever,,,,,"Main Street U.S.A. (Opera House Lobby), Main Street U.S.A. (storefront)",,"[2009-2010] Enchanting the Classics, [2013] Tiki Tiki Tiki Realms – Celebrating 50 Years of Enchantment [REF], [2014-2015] Mechanical Kingdoms – Steam-Driven Visions of a Victorian Future, [2015-2016] Drawing Disneyland – The Early Years, [2015] Snow Queens – Art of Ice, [2016-2018?] Disney's Steam Trains – A Man & His Passion for the Railroad, [2018-2019] The Art of Mary Poppins Returns (December 2018-2019)",,,,,4,
All in the Golden Afternoon,Disneyland Forever,,,,,"Main Street U.S.A. (Opera House Lobby), Main Street U.S.A. (storefront)",,"[2009-2010] Enchanting the Classics, [2013] Tiki Tiki Tiki Realms – Celebrating 50 Years of Enchantment [REF], [2014-2015] Mechanical Kingdoms – Steam-Driven Visions of a Victorian Future, [2015-2016] Drawing Disneyland – The Early Years, [2015] Snow Queens – Art of Ice, [2016-2018?] Disney's Steam Trains – A Man & His Passion for the Railroad, [2018-2019] The Art of Mary Poppins Returns (December 2018-2019)",,,,,5,
Yo Ho (A Pirate's Life for Me),The Disney Gallery Commemorative Exhibition - Imagineering the Dream,,,,,"Main Street U.S.A. (Opera House Lobby), Main Street U.S.A. (storefront)",,"[2009-2010] Enchanting the Classics, [2013] Tiki Tiki Tiki Realms – Celebrating 50 Years of Enchantment [REF], [2014-2015] Mechanical Kingdoms – Steam-Driven Visions of a Victorian Future, [2015-2016] Drawing Disneyland – The Early Years, [2015] Snow Queens – Art of Ice, [2016-2018?] Disney's Steam Trains – A Man & His Passion for the Railroad, [2018-2019] The Art of Mary Poppins Returns (December 2018-2019)",,,,,6,Edited to exclude 00:00 - 00:18
Painting the Roses Red,Walt Disney World Forever,,,,,"Main Street U.S.A. (Opera House Lobby), Main Street U.S.A. (storefront)",,"[2009-2010] Enchanting the Classics, [2013] Tiki Tiki Tiki Realms – Celebrating 50 Years of Enchantment [REF], [2014-2015] Mechanical Kingdoms – Steam-Driven Visions of a Victorian Future, [2015-2016] Drawing Disneyland – The Early Years, [2015] Snow Queens – Art of Ice, [2016-2018?] Disney's Steam Trains – A Man & His Passion for the Railroad, [2018-2019] The Art of Mary Poppins Returns (December 2018-2019)",,,,,7,
The Three Little Pigs,Walt Disney World Forever,,,,,"Main Street U.S.A. (Opera House Lobby), Main Street U.S.A. (storefront)",,"[2009-2010] Enchanting the Classics, [2013] Tiki Tiki Tiki Realms – Celebrating 50 Years of Enchantment [REF], [2014-2015] Mechanical Kingdoms – Steam-Driven Visions of a Victorian Future, [2015-2016] Drawing Disneyland – The Early Years, [2015] Snow Queens – Art of Ice, [2016-2018?] Disney's Steam Trains – A Man & His Passion for the Railroad, [2018-2019] The Art of Mary Poppins Returns (December 2018-2019)",,,,,8,"Edited to include 00:08 - 02:08, 03:09 - End"
Imagination Institute Theme,Unreleased,,,,,"Main Street U.S.A. (Opera House Lobby), Main Street U.S.A. (storefront)",,"[2009-2010] Enchanting the Classics, [2013] Tiki Tiki Tiki Realms – Celebrating 50 Years of Enchantment [REF], [2014-2015] Mechanical Kingdoms – Steam-Driven Visions of a Victorian Future, [2015-2016] Drawing Disneyland – The Early Years, [2015] Snow Queens – Art of Ice, [2016-2018?] Disney's Steam Trains – A Man & His Passion for the Railroad, [2018-2019] The Art of Mary Poppins Returns (December 2018-2019)",,,,,9,
Woody's Roundup [no vocals],Toy Story 2 Motion Picture Soundtrack,,,,,"Main Street U.S.A. (Opera House Lobby), Main Street U.S.A. (storefront)",,"[2009-2010] Enchanting the Classics, [2013] Tiki Tiki Tiki Realms – Celebrating 50 Years of Enchantment [REF], [2014-2015] Mechanical Kingdoms – Steam-Driven Visions of a Victorian Future, [2015-2016] Drawing Disneyland – The Early Years, [2015] Snow Queens – Art of Ice, [2016-2018?] Disney's Steam Trains – A Man & His Passion for the Railroad, [2018-2019] The Art of Mary Poppins Returns (December 2018-2019)",,,,,10,Edited to include 00:00 - 01:43
You Can Fly! You Can Fly! You Can Fly!,The Disney Gallery Commemorative Exhibition - Imagineering the Dream,,,,,"Main Street U.S.A. (Opera House Lobby), Main Street U.S.A. (storefront)",,"[2009-2010] Enchanting the Classics, [2013] Tiki Tiki Tiki Realms – Celebrating 50 Years of Enchantment [REF], [2014-2015] Mechanical Kingdoms – Steam-Driven Visions of a Victorian Future, [2015-2016] Drawing Disneyland – The Early Years, [2015] Snow Queens – Art of Ice, [2016-2018?] Disney's Steam Trains – A Man & His Passion for the Railroad, [2018-2019] The Art of Mary Poppins Returns (December 2018-2019)",,,,,11,
Come Again (Come On In),The Disney Gallery Commemorative Exhibition - Imagineering the Dream,,,,,"Main Street U.S.A. (Opera House Lobby), Main Street U.S.A. (storefront)",,"[2009-2010] Enchanting the Classics, [2013] Tiki Tiki Tiki Realms – Celebrating 50 Years of Enchantment [REF], [2014-2015] Mechanical Kingdoms – Steam-Driven Visions of a Victorian Future, [2015-2016] Drawing Disneyland – The Early Years, [2015] Snow Queens – Art of Ice, [2016-2018?] Disney's Steam Trains – A Man & His Passion for the Railroad, [2018-2019] The Art of Mary Poppins Returns (December 2018-2019)",,,,,12,
Minnie's Yoo Hoo,Walt Disney World Forever,,,,,"Main Street U.S.A. (Opera House Lobby), Main Street U.S.A. (storefront)",,"[2009-2010] Enchanting the Classics, [2013] Tiki Tiki Tiki Realms – Celebrating 50 Years of Enchantment [REF], [2014-2015] Mechanical Kingdoms – Steam-Driven Visions of a Victorian Future, [2015-2016] Drawing Disneyland – The Early Years, [2015] Snow Queens – Art of Ice, [2016-2018?] Disney's Steam Trains – A Man & His Passion for the Railroad, [2018-2019] The Art of Mary Poppins Returns (December 2018-2019)",,,,,13,"Edited to include 00.00 - 00.32, fades out"
Mickey Mouse Club March,Unreleased,,,,,"Main Street U.S.A. (Opera House Lobby), Main Street U.S.A. (storefront)",,"[2009-2010] Enchanting the Classics, [2013] Tiki Tiki Tiki Realms – Celebrating 50 Years of Enchantment [REF], [2014-2015] Mechanical Kingdoms – Steam-Driven Visions of a Victorian Future, [2015-2016] Drawing Disneyland – The Early Years, [2015] Snow Queens – Art of Ice, [2016-2018?] Disney's Steam Trains – A Man & His Passion for the Railroad, [2018-2019] The Art of Mary Poppins Returns (December 2018-2019)",,,,,14,Featured in 1992 era USA parks entrance loop
Hi-Diddle-Dee-Dee,Unreleased,,,,,"Main Street U.S.A. (Opera House Lobby), Main Street U.S.A. (storefront)",,"[2009-2010] Enchanting the Classics, [2013] Tiki Tiki Tiki Realms – Celebrating 50 Years of Enchantment [REF], [2014-2015] Mechanical Kingdoms – Steam-Driven Visions of a Victorian Future, [2015-2016] Drawing Disneyland – The Early Years, [2015] Snow Queens – Art of Ice, [2016-2018?] Disney's Steam Trains – A Man & His Passion for the Railroad, [2018-2019] The Art of Mary Poppins Returns (December 2018-2019)",,,,,15,
When You Wish Upon a Star,The Disney Gallery Commemorative Exhibition - Imagineering the Dream,,,,,"Main Street U.S.A. (Opera House Lobby), Main Street U.S.A. (storefront)",,"[2009-2010] Enchanting the Classics, [2013] Tiki Tiki Tiki Realms – Celebrating 50 Years of Enchantment [REF], [2014-2015] Mechanical Kingdoms – Steam-Driven Visions of a Victorian Future, [2015-2016] Drawing Disneyland – The Early Years, [2015] Snow Queens – Art of Ice, [2016-2018?] Disney's Steam Trains – A Man & His Passion for the Railroad, [2018-2019] The Art of Mary Poppins Returns (December 2018-2019)",,,,,16,
Hip Hip Pooh-ray,Unreleased,,,,,"Main Street U.S.A. (Opera House Lobby), Main Street U.S.A. (storefront)",,"[2009-2010] Enchanting the Classics, [2013] Tiki Tiki Tiki Realms – Celebrating 50 Years of Enchantment [REF], [2014-2015] Mechanical Kingdoms – Steam-Driven Visions of a Victorian Future, [2015-2016] Drawing Disneyland – The Early Years, [2015] Snow Queens – Art of Ice, [2016-2018?] Disney's Steam Trains – A Man & His Passion for the Railroad, [2018-2019] The Art of Mary Poppins Returns (December 2018-2019)",,,,,17,Many Adventures of Winnie the Pooh Queue Music
Be Our Guest,Greatest Classic Tracks Ever Made,,,,,"Main Street U.S.A. (Opera House Lobby), Main Street U.S.A. (storefront)",,"[2009-2010] Enchanting the Classics, [2013] Tiki Tiki Tiki Realms – Celebrating 50 Years of Enchantment [REF], [2014-2015] Mechanical Kingdoms – Steam-Driven Visions of a Victorian Future, [2015-2016] Drawing Disneyland – The Early Years, [2015] Snow Queens – Art of Ice, [2016-2018?] Disney's Steam Trains – A Man & His Passion for the Railroad, [2018-2019] The Art of Mary Poppins Returns (December 2018-2019)",,,,Royal Philharmonic Orchestra,18,Edited to include 00:00 - 01:38
Let's Go Fly a Kite,Unreleased,,,,,"Main Street U.S.A. (Opera House Lobby), Main Street U.S.A. (storefront)",,"[2009-2010] Enchanting the Classics, [2013] Tiki Tiki Tiki Realms – Celebrating 50 Years of Enchantment [REF], [2014-2015] Mechanical Kingdoms – Steam-Driven Visions of a Victorian Future, [2015-2016] Drawing Disneyland – The Early Years, [2015] Snow Queens – Art of Ice, [2016-2018?] Disney's Steam Trains – A Man & His Passion for the Railroad, [2018-2019] The Art of Mary Poppins Returns (December 2018-2019)",,,,,19,
I Wanna Be Like You,"Enchanted Tiki Room:  Get the Fever, Exit Music",,,,,"Main Street U.S.A. (Opera House Lobby), Main Street U.S.A. (storefront)",,"[2009-2010] Enchanting the Classics, [2013] Tiki Tiki Tiki Realms – Celebrating 50 Years of Enchantment [REF], [2014-2015] Mechanical Kingdoms – Steam-Driven Visions of a Victorian Future, [2015-2016] Drawing Disneyland – The Early Years, [2015] Snow Queens – Art of Ice, [2016-2018?] Disney's Steam Trains – A Man & His Passion for the Railroad, [2018-2019] The Art of Mary Poppins Returns (December 2018-2019)",,,,,20,
Old Betsy,The Disney Gallery Commemorative Exhibition - Imagineering the Dream,,,,,"Main Street U.S.A. (Opera House Lobby), Main Street U.S.A. (storefront)",,"[2009-2010] Enchanting the Classics, [2013] Tiki Tiki Tiki Realms – Celebrating 50 Years of Enchantment [REF], [2014-2015] Mechanical Kingdoms – Steam-Driven Visions of a Victorian Future, [2015-2016] Drawing Disneyland – The Early Years, [2015] Snow Queens – Art of Ice, [2016-2018?] Disney's Steam Trains – A Man & His Passion for the Railroad, [2018-2019] The Art of Mary Poppins Returns (December 2018-2019)",,,,,21,
Belle,Disneyland Forever,,,,,"Main Street U.S.A. (Opera House Lobby), Main Street U.S.A. (storefront)",,"[2009-2010] Enchanting the Classics, [2013] Tiki Tiki Tiki Realms – Celebrating 50 Years of Enchantment [REF], [2014-2015] Mechanical Kingdoms – Steam-Driven Visions of a Victorian Future, [2015-2016] Drawing Disneyland – The Early Years, [2015] Snow Queens – Art of Ice, [2016-2018?] Disney's Steam Trains – A Man & His Passion for the Railroad, [2018-2019] The Art of Mary Poppins Returns (December 2018-2019)",,,,,22,Edited to include 00:25 - End
Colors of the Wind,Magical Musicals,,,,,"Main Street U.S.A. (Opera House Lobby), Main Street U.S.A. (storefront)",,"[2009-2010] Enchanting the Classics, [2013] Tiki Tiki Tiki Realms – Celebrating 50 Years of Enchantment [REF], [2014-2015] Mechanical Kingdoms – Steam-Driven Visions of a Victorian Future, [2015-2016] Drawing Disneyland – The Early Years, [2015] Snow Queens – Art of Ice, [2016-2018?] Disney's Steam Trains – A Man & His Passion for the Railroad, [2018-2019] The Art of Mary Poppins Returns (December 2018-2019)",,,,Erich Kuznel & the Cincinnati Pops Orchestra,23,Edited to include ~01:40 to End
Little Black Rain Cloud,Unreleased,,,,,"Main Street U.S.A. (Opera House Lobby), Main Street U.S.A. (storefront)",,"[2009-2010] Enchanting the Classics, [2013] Tiki Tiki Tiki Realms – Celebrating 50 Years of Enchantment [REF], [2014-2015] Mechanical Kingdoms – Steam-Driven Visions of a Victorian Future, [2015-2016] Drawing Disneyland – The Early Years, [2015] Snow Queens – Art of Ice, [2016-2018?] Disney's Steam Trains – A Man & His Passion for the Railroad, [2018-2019] The Art of Mary Poppins Returns (December 2018-2019)",,,,,24,Many Adventures of Winnie the Pooh Queue Music
Star Wars Theme,The Disney Gallery Commemorative Exhibition - Imagineering the Dream,,,,,"Main Street U.S.A. (Opera House Lobby), Main Street U.S.A. (storefront)",,"[2009-2010] Enchanting the Classics, [2013] Tiki Tiki Tiki Realms – Celebrating 50 Years of Enchantment [REF], [2014-2015] Mechanical Kingdoms – Steam-Driven Visions of a Victorian Future, [2015-2016] Drawing Disneyland – The Early Years, [2015] Snow Queens – Art of Ice, [2016-2018?] Disney's Steam Trains – A Man & His Passion for the Railroad, [2018-2019] The Art of Mary Poppins Returns (December 2018-2019)",,,,,25,"Edited to exclude 00:00 - ~00:28, fade in"
it's a small world (Disneyland Paris Variation II),Walt Disney and the 1964 World's Fair,,,,,"Main Street U.S.A. (Opera House Lobby), Main Street U.S.A. (storefront)",,"[2009-2010] Enchanting the Classics, [2013] Tiki Tiki Tiki Realms – Celebrating 50 Years of Enchantment [REF], [2014-2015] Mechanical Kingdoms – Steam-Driven Visions of a Victorian Future, [2015-2016] Drawing Disneyland – The Early Years, [2015] Snow Queens – Art of Ice, [2016-2018?] Disney's Steam Trains – A Man & His Passion for the Railroad, [2018-2019] The Art of Mary Poppins Returns (December 2018-2019)",,,,,26,Edited to include ~00:01 - 01:26
Yo Ho (A Pirate's Life for Me) Hornpipe,The Disney Gallery Commemorative Exhibition - Imagineering the Dream,,,,,"Main Street U.S.A. (Opera House Lobby), Main Street U.S.A. (storefront)",,"[2009-2010] Enchanting the Classics, [2013] Tiki Tiki Tiki Realms – Celebrating 50 Years of Enchantment [REF], [2014-2015] Mechanical Kingdoms – Steam-Driven Visions of a Victorian Future, [2015-2016] Drawing Disneyland – The Early Years, [2015] Snow Queens – Art of Ice, [2016-2018?] Disney's Steam Trains – A Man & His Passion for the Railroad, [2018-2019] The Art of Mary Poppins Returns (December 2018-2019)",,,,,27,Edited to include 00:00 - 01:03
Heigh-Ho,Unreleased,,,,,"Main Street U.S.A. (Opera House Lobby), Main Street U.S.A. (storefront)",,"[2009-2010] Enchanting the Classics, [2013] Tiki Tiki Tiki Realms – Celebrating 50 Years of Enchantment [REF], [2014-2015] Mechanical Kingdoms – Steam-Driven Visions of a Victorian Future, [2015-2016] Drawing Disneyland – The Early Years, [2015] Snow Queens – Art of Ice, [2016-2018?] Disney's Steam Trains – A Man & His Passion for the Railroad, [2018-2019] The Art of Mary Poppins Returns (December 2018-2019)",,,,,28,Featured in 1992 era USA parks entrance loop
Ev'rybody Has a Laughing Place,Disneyland Forever OR Walt Disney World Forever,,,,,"Main Street U.S.A. (Opera House Lobby), Main Street U.S.A. (storefront)",,"[2009-2010] Enchanting the Classics, [2013] Tiki Tiki Tiki Realms – Celebrating 50 Years of Enchantment [REF], [2014-2015] Mechanical Kingdoms – Steam-Driven Visions of a Victorian Future, [2015-2016] Drawing Disneyland – The Early Years, [2015] Snow Queens – Art of Ice, [2016-2018?] Disney's Steam Trains – A Man & His Passion for the Railroad, [2018-2019] The Art of Mary Poppins Returns (December 2018-2019)",,,,,29,
Fantasyland Castle Medley,Official Album of Disneyland & Walt Disney World [1997],,,,,"Main Street U.S.A. (Opera House Lobby), Main Street U.S.A. (storefront)",,"[2009-2010] Enchanting the Classics, [2013] Tiki Tiki Tiki Realms – Celebrating 50 Years of Enchantment [REF], [2014-2015] Mechanical Kingdoms – Steam-Driven Visions of a Victorian Future, [2015-2016] Drawing Disneyland – The Early Years, [2015] Snow Queens – Art of Ice, [2016-2018?] Disney's Steam Trains – A Man & His Passion for the Railroad, [2018-2019] The Art of Mary Poppins Returns (December 2018-2019)",,,,,30,"Edited to include 00:00 - 04:25, fades out"
"Walt Disney’s Opening Day Speech (July 17, 2955)",A Musical History of Disneyland,,,,,"Main Street U.S.A. (Disneyana), Main Street U.S.A. (storefront)",,"Disneyana v.2, [2010] Day One Disneyland","This loop played in the Disney Gallery on Main Street, U.S.A. as part of the “Day One Disneyland” exhibit, which ran from May - December 2010. It was also used in the Main Street Cinema during the 55th celebration, and was noted as playing in Disneyana on MSUSA in 2023 and 2024 for no exhibit in particular. See MouseBits, https://forums.mousebits.com/threads/disneyana-loop-on-main-street-u-s-a.10894/#post-99246 (2023), https://forums.mousebits.com/threads/the-disney-gallery-music-2-0.7840/#post-69937 (2013) and https://forums.mousebits.com/threads/disneyana-loop-on-main-street-u-s-a.10894/ (2025). Tracklist compiled by C33 and wedroy1923 based on an induction recording by C33 and a 2010 live recording by wedroy1923. Verified by SSrustworthy using a live recording of the Disneyana loop in 2023.",00:33:55.353,00:35.209,Walt Disney,1,crossfade with next track around 00:30.099
Area Music: When You Wish Upon A Star,A Musical History of Disneyland,,,,,"Main Street U.S.A. (Disneyana), Main Street U.S.A. (storefront)",,"Disneyana v.2, [2010] Day One Disneyland",,,03:10.762,,2,crossfade with next track around 03:09.851
All Aboard!,A Musical History of Disneyland,,,,,"Main Street U.S.A. (Disneyana), Main Street U.S.A. (storefront)",,"Disneyana v.2, [2010] Day One Disneyland",,,00:19.874,,3,long crossfade around 00:20.041
Meet Me Down On Main Street,A Musical History of Disneyland,,,,,"Main Street U.S.A. (Disneyana), Main Street U.S.A. (storefront)",,"Disneyana v.2, [2010] Day One Disneyland",,,01:50.135,The Mellomen,4,crossfade with next track around 01:50.158
The Market House Party Line (Dinglinger’s Store),Unreleased,,,,,"Main Street U.S.A. (Disneyana), Main Street U.S.A. (storefront)",,"Disneyana v.2, [2010] Day One Disneyland",,,00:21.059,,5,"Note, this is different from the DLF fire conversation. This version on the loop is the same version as on The Disneyland Collection Torrent with some differences in timing and edited silences. Dialogue contains: “Alright now…” until “Hello, Annie?” and cuts."
Minnie’s Yoo Hoo!,A Musical History of Disneyland,,,,,"Main Street U.S.A. (Disneyana), Main Street U.S.A. (storefront)",,"Disneyana v.2, [2010] Day One Disneyland",,,00:39.709,Main Street Saxophone Quartet,6,crossfade around 00:39.543
Disney Medley,A Musical History of Disneyland,,,,,"Main Street U.S.A. (Disneyana), Main Street U.S.A. (storefront)",,"Disneyana v.2, [2010] Day One Disneyland",,,03:05.396,The Disneyland Band,7,edited 00:58.461 to crossfade around 04:03.796
Battle Cry of Freedom [The Blockade House],A Musical History of Disneyland,,,,,"Main Street U.S.A. (Disneyana), Main Street U.S.A. (storefront)",,"Disneyana v.2, [2010] Day One Disneyland",,,01:13.538,Ed Sweeney,8,"next track fades in at 01:13.911, but track doesn’t fade out"
Slue Foot Sue’s Golden Horseshoe Revue,A Musical History of Disneyland,,,,,"Main Street U.S.A. (Disneyana), Main Street U.S.A. (storefront)",,"Disneyana v.2, [2010] Day One Disneyland",,,02:22.692,Betty Taylor,9,crossfade with next track around 02:20.760
The Mark Twain Steamboat (1992 Excursion Edit),A Musical History of Disneyland,,,,,"Main Street U.S.A. (Disneyana), Main Street U.S.A. (storefront)",,"Disneyana v.2, [2010] Day One Disneyland",,,01:12.913,,10,crossfade with next track around 01:28.457
Fantasyland Dark Ride Suite,A Musical History of Disneyland,,,,,"Main Street U.S.A. (Disneyana), Main Street U.S.A. (storefront)",,"Disneyana v.2, [2010] Day One Disneyland",,,07:29.719,,11,edited 02:28.691 to fade out around 09:57.784
"Mickey Mouse Club Theater, ‘3D Glasses Reminder’ (unreleased)",Disneyland Forever,,,,,"Main Street U.S.A. (Disneyana), Main Street U.S.A. (storefront)",,"Disneyana v.2, [2010] Day One Disneyland",,,00:21.854,Jimmy Dodd,12,no fade in and starts when previous track concludes fade; crossfade out at 00:20.851
Flight to the Moon,A Musical History of Disneyland,,,,,"Main Street U.S.A. (Disneyana), Main Street U.S.A. (storefront)",,"Disneyana v.2, [2010] Day One Disneyland",,,00:34.530,,13,"edited to include 00:02.288 to 00:23.958, 07:43.953 to 07:49.051, 07:49.455 to 07:52.909, 07:53.123 to 07:54.210, 07:55.724 to 07:58.236, 07:58.643 to crossfade at 08:00.336; these are mostly silences removed with some dialogue cuts"
"20,000 Leagues Under the Sea Exhibit, ‘Show Narration’ (unreleased) ",Disneyland Forever,,,,,"Main Street U.S.A. (Disneyana), Main Street U.S.A. (storefront)",,"Disneyana v.2, [2010] Day One Disneyland",,,00:48.691,,14,edited 00:50.761 to crossfade at 01:38.783
"Area Music: Concourse, 20,000 Leagues Under the Sea",A Musical History of Disneyland,,,,,"Main Street U.S.A. (Disneyana), Main Street U.S.A. (storefront)",,"Disneyana v.2, [2010] Day One Disneyland",,,01:19.167,,15,fade out at 01:15.667
"Autopia, ‘1955 Safety Spiel’ (unreleased)",Disneyland Forever,,,,,"Main Street U.S.A. (Disneyana), Main Street U.S.A. (storefront)",,"Disneyana v.2, [2010] Day One Disneyland",,,01:17.754,,16,"note, no fade in beginning unlike DLF version; crossfade out at 01:17.216"
Adventureland,Walt Disney Takes You To Disneyland,,,,,"Main Street U.S.A. (Disneyana), Main Street U.S.A. (storefront)",,"Disneyana v.2, [2010] Day One Disneyland",,,07:12.314,"Walt Disney, Disneyland Concert Orchestra",17,edited 00:32.682 to 07:46.570
Steamboat WIllie,Disneyland Forever,,,,,Main Street U.S.A. (storefront),,[2011] Magic on the Water – The Art of The Happiest Fleet on Earth,"This loop played in the Disney Gallery on Main Street, U.S.A. for the exhibit “Magic on the Water — The Art of The Happiest Fleet on Earth”, on display from January - June 2011. The exhibit highlighted the watercraft of Disney parks and Cruise Line. Playlist compiled by wedroy1923 based on two live recordings by pixelated and C33. See MouseBits, https://forums.mousebits.com/threads/the-disney-gallery-music-2-0.7840/post-69938 (2013), https://forums.mousebits.com/threads/lotsa-new-audio-in-disney-galleryd-new-exhibit-1-29-11.6134/post-50019 (2011) andhttps://forums.mousebits.com/threads/the-disney-gallery-music-2-0.7840/post-69938 (2013).",~00:23:52,02:07,,1,
Away Rio,The Wind in the Rigging,,,,,Main Street U.S.A. (storefront),,[2011] Magic on the Water – The Art of The Happiest Fleet on Earth,,,02:15,,2,
Submarine Voyage Narration,A Musical History of Disneyland,,,,,Main Street U.S.A. (storefront),,[2011] Magic on the Water – The Art of The Happiest Fleet on Earth,,,00:29,,3,"Edited to include 00.00 to 00.12 and 01.33 to 1.50. pixelated provided the following transcription of the spiel from the Gallery exhibit loop:

<start of  album track - bosun's whistle & sonar ping SFX constantly playing in the background>
Capt.: ""Secure ship for sea.  Make all preparations for getting under way.""
Sailor: ""Aye-aye sir.  All hands at stations.""  Note: the album version is ""All hands to stations.""
<bosun's whistle>
Capt: ""This is the captain speaking, welcome aboard.  We are now under 
way and proceeding on a course that will take us on a voyage of 
exploration, through liquid space.  En route, we will pass below the 
polar ice cap, and then probe depths seldom seen by man.""
<music from the 20k Leagues movie soundtrack (part of title track?)>
<instrumental version of ""Whale of a Tale"">"
"20,000 Leagues Under the Sea",Disneyland Forever,,,,,Main Street U.S.A. (storefront),,[2011] Magic on the Water – The Art of The Happiest Fleet on Earth,,,02:21,,4,
Blow the Man Down,Disneyland Forever,,,,,Main Street U.S.A. (storefront),,[2011] Magic on the Water – The Art of The Happiest Fleet on Earth,,,02:11,,5,
Milenberg Joys,Goes South!,,,,,Main Street U.S.A. (storefront),,[2011] Magic on the Water – The Art of The Happiest Fleet on Earth,,,03:35,Firehouse Five Plus Two,6,
Drunken Sailor,Disneyland Forever,,,,,Main Street U.S.A. (storefront),,[2011] Magic on the Water – The Art of The Happiest Fleet on Earth,,,01:52,,7,
Chicken Picken’ Reel,Banjo Kings,,"Good Time Jazz, L-25",,,Main Street U.S.A. (storefront),,[2011] Magic on the Water – The Art of The Happiest Fleet on Earth,,,02:21,,8,
Submarine Voyage Narration (General Dynamics),,,,,,Main Street U.S.A. (storefront),,[2011] Magic on the Water – The Art of The Happiest Fleet on Earth,,,00:19,,9,"Transcription:
""This is the captain speaking.  General Dynamics, builders of America's atomic-powered submarines, welcomes you aboard.  We are now under way and proceeding on course, for a voyage through liquid space.  Destination: the North Pole.”"
Sailing Ship Columbia,A Musical History of Disneyland,,,,,Main Street U.S.A. (storefront),,[2011] Magic on the Water – The Art of The Happiest Fleet on Earth,,,00:21,,10,
Song of the Fishes,Disneyland Forever,,,,,Main Street U.S.A. (storefront),,[2011] Magic on the Water – The Art of The Happiest Fleet on Earth,,,01:40,,11,
Mark Twain Riverboat,A Musical History of Disneyland,,,,,Main Street U.S.A. (storefront),,[2011] Magic on the Water – The Art of The Happiest Fleet on Earth,,,00:45,,12,Edited to include 00.16 to 01.03
"Come Back, Sweet Pa",Dixieland Favorites,,,,,Main Street U.S.A. (storefront),,[2011] Magic on the Water – The Art of The Happiest Fleet on Earth,,,03:27,Firehouse Five Plus Two,13,Edited to include 00.01 to 00.02 and 00.00 to End
Walt Disney Welcome,Walt Disney and the 1964 World's Fair,3,,3,,Main Street U.S.A. (storefront),,[2011] The Colors of Mary Blair,"This loop played in the Disney Gallery on Main Street, U.S.A. for the exhibit “The Colors of Mary Blair”, on display from May -November 2011. Tracklist compiled by RocketRodsXPRm, wedroy1923 and pixelated based on a live recording by pixelated. See MouseBits, https://mousebits.com/smf/index.php?topic=6428.msg51990#msg51990 (2011) and https://forums.mousebits.com/threads/the-disney-gallery-music-2-0.7840/post-69938 (2013).",00:51:02,9:14.009,Walt Disney,1,Next track fades in during last 3.566 seconds of silence
A Dream is a Wish Your Heart Makes,Cinderella Motion Picture Soundtrack,1,,2,,Main Street U.S.A. (storefront),,[2011] The Colors of Mary Blair,,,3:11.129,,2,"Edited to include 1:22 to end; fades in at 1:21:540, next track overplays last 1.225 seconds of silence"
Lavender Blue (Dilly Dilly),"Walt Disney Records Archive Collection, Vol. 1 OR Classic Disney: 60 Years of Musical Magic",,,17,,Main Street U.S.A. (storefront),,[2011] The Colors of Mary Blair,,,2:26.804,,3,next track overplays last 3.647 seconds of silence
I'm Late / All in the Golden Afternoon (Fantasyland Darkride Suite),A Musical History of Disneyland,3,,9,,Main Street U.S.A. (storefront),,[2011] The Colors of Mary Blair,,,2:25.715,,4,Edited to include 10:02 to 12:26. Followed by 0.812 second of silence
Zip-A-Dee-Doo-Dah,Classic Disney: 60 Years Of Musical Magic (Vol. 1),,,21,,Main Street U.S.A. (storefront),,[2011] The Colors of Mary Blair,,,2:04.580,,5,Edited to include 00:12 - end. next track overplays in during last 2.829 seconds of silence
it's a small world Entrance Music,Walt Disney and the 1964 World's Fair,3,,1,,Main Street U.S.A. (storefront),,[2011] The Colors of Mary Blair,,,3:03.973,,6,Next track overplays last 3.566 seconds of silence
it's a small world Ride-Thru,Walt Disney and the 1964 World's Fair,,,,,Main Street U.S.A. (storefront),,[2011] The Colors of Mary Blair,,,2:24,,7,"Edited to include three pieces: a) 06.09 to 06.57, b) 00.32 to 01.20, c) 05.20 to 06.09"
No Longer an Elephant / Dumbo's Sadness / A Visit in the Night / Baby Mine,Dumbo Motion Picture Soundtrack,1,,9,,Main Street U.S.A. (storefront),,[2011] The Colors of Mary Blair,,,2:09.432,,9,"Edited to include 01”25 to End, next track overplays last 4.678 seconds of sustain/silence"
Main Title (The Second Start To The Right) / All This Has Happened Before,Peter Pan Motion Picture Soundtrack,1,,1,,Main Street U.S.A. (storefront),,[2011] The Colors of Mary Blair,,,1:45.260,,10,"Edited to include 00:33 to End, next track overplays last 1.873 seconds of silence"
March of the Cards (Fantasyland Darkride Suite),A Musical History of Disneyland,3,,9,,Main Street U.S.A. (storefront),,[2011] The Colors of Mary Blair,,,1:11.072,,11,"Original track 17:54:091, cuts in at 15:23:073, last 1:21:176 cut off or very fast fade out"
Main Title (Bella Notte )/ The Wag of a Dog's Tail,Lady and the Tramp Motion Picture Soundtrack,1,,1,,Main Street U.S.A. (storefront),,[2011] The Colors of Mary Blair,,,2:04.840,,12,"Original track 2:03.500, next track overplays silence"
The Three Caballeros,,,,,,Main Street U.S.A. (storefront),,[2011] The Colors of Mary Blair,,,2:06.994,,13,This is the song with vocals
Main Title,Alice in Wonderland OST,1,,1,,Main Street U.S.A. (storefront),,[2011] The Colors of Mary Blair,,,2:32.314,,14,"Original track 2:34:906, played in its entirety"
it’s a small world,Walt Disney and the 1964 World's Fair OR The Sherman Brothers Songbook,3,,10,,Main Street U.S.A. (storefront),,[2011] The Colors of Mary Blair,,,1:52.6664,,15,"Original track 21:24:547, and has a lot of edits. This arrangement uses first 32.479 seconds of the intro, then jumps to 51.337 seconds from the end. At 32.609 seconds from the original end, loops back to the 51.337 second mark for a second time through... then plays through the remainder of the track. Next track overplays final 3 seconds of silence. If you REALLY want an accurate version of the loop, replace the first three notes of the fade in with a matching portion that includes lyrics. During that initial fade-in, you can hear ""It's a w--"" of the verse before it cuts to a fully instrumental version.)"
Main Title (Cinderella),Cinderella Motion Picture Soundtrack,1,,1,,Main Street U.S.A. (storefront),,[2011] The Colors of Mary Blair,,,1:38.143,,16,"Original track 2:51:656, last 1:13:258 cut off or fast fade out"
Where Did I Put That Thing / Bibbidi-Bobbidi-Boo,Cinderella OST,1,,7,,Main Street U.S.A. (storefront),,[2011] The Colors of Mary Blair,,,0:51.264,,17,Edited to include 00:37 to 01:29. Next track overplays last 0:121 seconds of silence
Turn on the Old Music Box / The Nursery Theme / You Can Fly! You Can Fly! You Can Fly! (Fantasyland Darkride Suite),A Musical History of Disneyland,3,,9,,Main Street U.S.A. (storefront),,[2011] The Colors of Mary Blair,,,02:58,,18,Edited to include 03:46 to 06:46
Saludos Amigos,Saludos Amigos: Music from the Motion Picture,,,,,Main Street U.S.A. (storefront),,[2011] The Colors of Mary Blair,,,1:39.553,Chorus,19,
Walt Disney's Wonderful World of Color Theme,Walt Disney’s Wonderful World of Color,,,,,Main Street U.S.A. (storefront),,[2011] The Colors of Mary Blair,,,1:45.197,,20,This is the same extended arrangement played at the DCA Blue Sky Cellar.
it's a small world Medley,Disneyland Park: The Official Album (2001),,,,,Main Street U.S.A. (storefront),,[2011] The Colors of Mary Blair,,,3:36,,8,Edited to include 00.08 to End
Loading the Train / Casey Junior / Stork on a Cloud / Straight from Heaven,Dumbo (Original Motion Picture Soundtrack),,,,,Main Street U.S.A. (storefront),,[2011-2012] All Aboard... A Grand Circle Tour of the Trains of Disney,"This loop played in the Disney Gallery on Main Street, U.S.A. as part of the “Trains of Disney” exhibit which ran from November 2011 - June 26, 2012. Tracklist compiled by wedroy1923 with assistance from pixelated and RocketRodsXPR and based on live recordings by wedroy1923 and pixelated. See MouseBits, https://forums.mousebits.com/threads/the-disney-gallery-music-2-0.7840/post-69938 (2013) and https://forums.mousebits.com/threads/the-disney-gallery.6886/post-58698 (2011).",~00:27:55,,,1,"Preceded by ""Hello folks. Welcome aboard the Disneyland Railroad. We're now on a grand circle tour of the Magic Kingdom."" (Disneyland Railroad, Ravenscroft narration)."
Railroad Medley: Wabash Cannonball / Jesse James / Jerry / Go 'Lie that Car,The West (Original Soundtrack),,,,,Main Street U.S.A. (storefront),,[2011-2012] All Aboard... A Grand Circle Tour of the Trains of Disney,,,,Matthias Gohl,2,"Preceded by ""We're now returning to the twentieth century and to Main Street Station, gateway to the Magic Kingdom. This is Main Street Station, Disneyland U.S.A."" (Disneyland Railroad, Ravenscroft narration) *Includes the ""Continental Morse Code"" in the background."
" Lonesome Railroad Blues",The Firehouse Five Plus Two Story,,,,,Main Street U.S.A. (storefront),,[2011-2012] All Aboard... A Grand Circle Tour of the Trains of Disney,,,,Firehouse Five Plus Two,3,"Preceded by ""This is New Orleans Square.  For those of you who are continuing on with us ..."" (Disneyland Railroad, Ravenscroft narration with Morse code)"
Mine Train Through Nature's Wonderland,A Musical History of Disneyland,,,,,Main Street U.S.A. (storefront),,[2011-2012] All Aboard... A Grand Circle Tour of the Trains of Disney,,,,,4,"Edited to include: 00.00 - 00.08, 00.12 - 00.20, 00.26 - 00.30, 07.10 - 07.45, 08.08 - 08.16"
"""Where Do Stories Come From?""","Disneyland Television Show, 1956",,,,,Main Street U.S.A. (storefront),,[2011-2012] All Aboard... A Grand Circle Tour of the Trains of Disney,,,,,5,
When the Golden Train Comes Down,,,,,,Main Street U.S.A. (storefront),,[2011-2012] All Aboard... A Grand Circle Tour of the Trains of Disney,,,,Roy Rogers and the Sons of the Pioneers,6,
Wabash Cannonball [1947],,,,,,Main Street U.S.A. (storefront),,[2011-2012] All Aboard... A Grand Circle Tour of the Trains of Disney,,,,Roy Acuff,7,"Preceded by ""Your attention please. The Disneyland Limited, now leaving for a grand circle tour of the Magic Kingdom.  All passengers ..."" (Disneyland Forever, Depot Announcement [1992])"
Casey Junior / Dumbo's Triumph (Casey Jr. Circus Train),,,,,,Main Street U.S.A. (storefront),,[2011-2012] All Aboard... A Grand Circle Tour of the Trains of Disney,,,,,8,"Preceded by ""I think I can, I think I can ..."" (Casey Jr. Circus Train)"
All Aboard the Mine Train (Big Thunder Mountain Railroad),A Musical History of Disneyland,,,,,Main Street U.S.A. (storefront),,[2011-2012] All Aboard... A Grand Circle Tour of the Trains of Disney,,,,,9,"Preceded by ""This here's the wildest ride in the wilderness!"" (Big Thunder Mountain Railroad safety spiel) *This is NOT the version found on the Disneyland Forever track but is rather from the current safety spiel."
Casey Jones,The Little Engine That Could,,Disneyland Records 1259,,,Main Street U.S.A. (storefront),,[2011-2012] All Aboard... A Grand Circle Tour of the Trains of Disney,,,,Bill Kannady and Chorus,10,"Preceded by ""I'm standing here on the railroad track ... and I'm in front of the big Disneyland & Santa Fe  Railroad station.  And down these tracks, in just a couple of seconds will come Walt Disney himself barreling in on a railroad train built to 5/8ths miniature size."" (Dateline Disneyland)"
Orange Blossom Special,Treasures of Fantasy (1996),,,,,Main Street U.S.A. (storefront),,[2011-2012] All Aboard... A Grand Circle Tour of the Trains of Disney,,,,Lucky Nugget Saloon,11,"Preceded by ""Now if you look on down the track, you see Mickey Mouse there at the controls.  And that's an exact duplicate of the engines that ran over fifty years ago ... Hello Walt! Hello Governor! ... How'd the run go?  Oh fine, fine.  The Governor had her around Frontierland, and then Fred Gurley, he took her 'round.  I picked her up and brought her in."" (Dateline Disneyland)

Track edited: 00:00 - ~03:39

This spoken portion appears at the break in the ""Orange Blossom Special"" track: ""Sorry for the hold up folks, there seems to be a slow moving train up ahead, so we've got to sit here for a spell."" (Big Thunder Mountain Railroad) *This is NOT the version found on the Disneyland Forever track but is rather from the current safety spiel. 
"
When You Wish Upon a Star,The Official Album of Disneyland and Walt Disney World [1991],,,,,Main Street U.S.A. (storefront),,[2012] Crowning Achievements – Creating Castles for Magical Kingdoms,"This loop played in the Disney Gallery on Main Street, U.S.A. as part of the “Crowning Achievements – Creating Castles for Magical Kingdoms” exhibit which ran from June 30, 2012 through December 2012. Tracklist compiled by RocketRodsXPR, pixelated, and wedroy1923 based on a live recording by pixelated. See MouseBits, https://forums.mousebits.com/threads/the-disney-gallery-music-2-0.7840/post-69938 (2013) and https://disney-parks-music-compendium.blogspot.com/2022/11/the-disney-gallery-crowning.html (2022).",01:02:46.188,01:42.486,,1,Preceded by ~1.3 sec. silent gap
I'm Wishing,Symphonic Suites of the Animated Classics,,,,,Main Street U.S.A. (storefront),,[2012] Crowning Achievements – Creating Castles for Magical Kingdoms,,,,Kingston Symphony,2,
With a Smile and a Song,Symphonic Suites of the Animated Classics,,,,,Main Street U.S.A. (storefront),,[2012] Crowning Achievements – Creating Castles for Magical Kingdoms,,,,Kingston Symphony,3,
Someday My Prince Will Come,Symphonic Suites of the Animated Classics,,,,,Main Street U.S.A. (storefront),,[2012] Crowning Achievements – Creating Castles for Magical Kingdoms,,,01:44.722,Kingston Symphony,4,
So This is Love Waltz,Disney's Cinderella [1995],,,,,Main Street U.S.A. (storefront),,[2012] Crowning Achievements – Creating Castles for Magical Kingdoms,,,01:57.061,,5,
Bibbidi Bobbidi Boo,Disney's Delightful Piano Melody,,,,,Main Street U.S.A. (storefront),,[2012] Crowning Achievements – Creating Castles for Magical Kingdoms,,,02:31.755,Kentarō Haneda,6,
A Whole New World,Greatest Classic Tracks Ever Made,,,,,Main Street U.S.A. (storefront),,[2012] Crowning Achievements – Creating Castles for Magical Kingdoms,,,03:56.342,Royal Philharmonic Orchestra,7,
Enchanted Suite,Enchanted [Soundtrack],,,,,Main Street U.S.A. (storefront),,[2012] Crowning Achievements – Creating Castles for Magical Kingdoms,,,04:27.733,Alan Menken,8,
Princess Diaries Waltz,The Princess Diaries [Score],,,,,Main Street U.S.A. (storefront),,[2012] Crowning Achievements – Creating Castles for Magical Kingdoms,,,01:39.426,John Debney,9,Edited: ~00.26 - End
Just Around the Riverbend,Disney Karaoke Volume 1 [2000],,,,,Main Street U.S.A. (storefront),,[2012] Crowning Achievements – Creating Castles for Magical Kingdoms,,,02:25.702,,10,The horn underliner present on this track is unique to the 2000 Karaoke CD release.
Sleeping Beauty Ballet Act III: 25. Pas de Quatre,Tchaikovsky: Sleeping Beauty,,,,,Main Street U.S.A. (storefront),,[2012] Crowning Achievements – Creating Castles for Magical Kingdoms,,,03:12,George Weldon & the Philharmonia Orchestra,11," "
Queen Clarisse,The Princess Diaries [Score],,,,,Main Street U.S.A. (storefront),,[2012] Crowning Achievements – Creating Castles for Magical Kingdoms,,,00:49,John Debney,12,
When You Wish Upon a Star,"Just the Music, Vol. 1",,,,,Main Street U.S.A. (storefront),,[2012] Crowning Achievements – Creating Castles for Magical Kingdoms,,,02:09.531,,13,
So This is Love,Disney's Cinderella [1995],,,,,Main Street U.S.A. (storefront),,[2012] Crowning Achievements – Creating Castles for Magical Kingdoms,,,01:57.360,,14,
Dress Building,Disney's Cinderella [1995],,,,,Main Street U.S.A. (storefront),,[2012] Crowning Achievements – Creating Castles for Magical Kingdoms,,,02:22.892,,15,
Royal Fanfare and Reception at the Palace,Disney's Cinderella [1995],,,,,Main Street U.S.A. (storefront),,[2012] Crowning Achievements – Creating Castles for Magical Kingdoms,,,01:50.065,,16,Edited: 00.00 - ~01.50
Colors of the Wind,Magical Musicals,,,,,Main Street U.S.A. (storefront),,[2012] Crowning Achievements – Creating Castles for Magical Kingdoms,,,03:49.380,Erich Kunzel & the Cincinnati Pops Orchestra,17,
Tales from the Vienna Woods,Classical Music for People Who Hate Classical Music,,,,,Main Street U.S.A. (storefront),,[2012] Crowning Achievements – Creating Castles for Magical Kingdoms,,,06:14.117,Arthur Fiedler & the Boston Pops,18,
Bibbidi Bobbidi Boo,,,,,,Main Street U.S.A. (storefront),,[2012] Crowning Achievements – Creating Castles for Magical Kingdoms,,,03:40.402,,19,"Noted by RocketRodsXPR: “This is the same version of the song used on the Blue Sky Cellar: Fantasy Faire (after Spoonful of Sugar, before Little Woodenhead)”"
Belle,Disneyland Forever (Disney Gallery),,,,,Main Street U.S.A. (storefront),,[2012] Crowning Achievements – Creating Castles for Magical Kingdoms,,,02:14.784,,20,Edited: 00.25 - End
Andalasia,Enchanted [Soundtrack],,,,,Main Street U.S.A. (storefront),,[2012] Crowning Achievements – Creating Castles for Magical Kingdoms,,,00:58.880,Alan Menken,21,Edited: 00.00 - ~00.59
Once Upon a Dream,"Just the Music, Vol. 1",,,,,Main Street U.S.A. (storefront),,[2012] Crowning Achievements – Creating Castles for Magical Kingdoms,,,01:28.978,,22,Edited: 00:00 - 01:28.978
A Dream is a Wish Your Heart Makes,Magical Movieland,,,,,Main Street U.S.A. (storefront),,[2012] Crowning Achievements – Creating Castles for Magical Kingdoms,,,03:52.151,Royal Philharmonic Orchestra,23,
"Sleeping Beauty Suite, Op. 66a: Waltz",Tchaikovsky: Sleeping Beauty,,,,,Main Street U.S.A. (storefront),,[2012] Crowning Achievements – Creating Castles for Magical Kingdoms,,,04:09.499,George Weldon & the Philharmonia Orchestra,24,
I'm Wishing,Unreleased [The Disneyland Collection],,,,,"Main Street U.S.A. (Disneyana), Main Street U.S.A. (storefront)",,"Disneyana v.1, Disneyana v.3, [2012-2013] Realms of Fantasy – Designs From the Happiest Kingdoms of Them All!","This loop played in the Disney Gallery on Main Street, U.S.A. The loop was the BGM for the exhibit ”Realms of Fantasy  – Designs From the Happiest Kingdoms of Them All!” which was featured from December 14, 2012 through June 24, 2013. Tracklist compiled by wedroy1923 based on a 2012 recording by pixelated, with updates by SSrustworthy. As of July 2013, the Disneyana store (replacing the Disney Gallery) continued to play the Realms of Fantasy exhibit loop. See MouseBits, https://forums.mousebits.com/threads/the-disney-gallery-music-2-0.7840/post-69938 (2013) and https://disney-parks-music-compendium.blogspot.com/2022/11/the-disney-gallery-realms-of-fantasy-bgm.html (2022). Also see MouseBits, https://forums.mousebits.com/threads/disneyana-loop-on-main-street-u-s-a.10894/post-100280 (2025).",~00:28:00,,Snow White's Grotto,1,
With a Smile and a Song (Instrumental),Unreleased,,,,,"Main Street U.S.A. (Disneyana), Main Street U.S.A. (storefront)",,"Disneyana v.1, Disneyana v.3, [2012-2013] Realms of Fantasy – Designs From the Happiest Kingdoms of Them All!",,,,Snow White's Scary Adventures / Enchanted Wish Queue,2,
Someday My Prince Will Come (instrumental),Unreleased,,,,,"Main Street U.S.A. (Disneyana), Main Street U.S.A. (storefront)",,"Disneyana v.1, Disneyana v.3, [2012-2013] Realms of Fantasy – Designs From the Happiest Kingdoms of Them All!",,,,Snow White's Scary Adventures / Enchanted Wish Queue,3,
Peter Pan narration vocal + You Can Fly! You Can Fly! You Can Fly! (Instrumental),Unreleased,,,,,"Main Street U.S.A. (Disneyana), Main Street U.S.A. (storefront)",,"Disneyana v.1, Disneyana v.3, [2012-2013] Realms of Fantasy – Designs From the Happiest Kingdoms of Them All!",,,,Peter Pan's Flight Queue,4,
A Pirate's Life (instrumental),Unreleased,,,,,"Main Street U.S.A. (Disneyana), Main Street U.S.A. (storefront)",,"Disneyana v.1, Disneyana v.3, [2012-2013] Realms of Fantasy – Designs From the Happiest Kingdoms of Them All!",,,,Peter Pan's Flight Queue,5,
A Dream is a Wish Your Heart Makes,Unreleased,,,,,"Main Street U.S.A. (Disneyana), Main Street U.S.A. (storefront)",,"Disneyana v.1, Disneyana v.3, [2012-2013] Realms of Fantasy – Designs From the Happiest Kingdoms of Them All!",,,,King Arthur's Carrousel,6,
Alice narration vocal,The Legacy Collection: Disneyland,,,,,"Main Street U.S.A. (Disneyana), Main Street U.S.A. (storefront)",,"Disneyana v.1, Disneyana v.3, [2012-2013] Realms of Fantasy – Designs From the Happiest Kingdoms of Them All!",,,,Fantasyland Darkride Suite,7,
Painting the Roses Red (instrumental),Unreleased,,,,,"Main Street U.S.A. (Disneyana), Main Street U.S.A. (storefront)",,"Disneyana v.1, Disneyana v.3, [2012-2013] Realms of Fantasy – Designs From the Happiest Kingdoms of Them All!",,,,Alice in Wonderland Queue,8,"Extended WDWF track
Transitions into following track with short musical flourish"
Belle,Unreleased,,,,,"Main Street U.S.A. (Disneyana), Main Street U.S.A. (storefront)",,"Disneyana v.1, Disneyana v.3, [2012-2013] Realms of Fantasy – Designs From the Happiest Kingdoms of Them All!",,,,Red Rose Taverne BGM,9,This is not the same version that was released as part of the Tokyo Disneyland box set track of Beauty and the Beast instrumentals
Fantasyland Castle Medley,"The Music of of Disneyland, Walt Disney World and Epcot Center",,,,,"Main Street U.S.A. (Disneyana), Main Street U.S.A. (storefront)",,"Disneyana v.1, Disneyana v.3, [2012-2013] Realms of Fantasy – Designs From the Happiest Kingdoms of Them All!",,,,Chorus,10,
Attraction Vocal Snippet + Hi Diddle Dee Dee (instrumental),Unreleased,,,,,"Main Street U.S.A. (Disneyana), Main Street U.S.A. (storefront)",,"Disneyana v.1, Disneyana v.3, [2012-2013] Realms of Fantasy – Designs From the Happiest Kingdoms of Them All!",,,,Pinocchio's Daring Journey Queue,11,
Honking SFX + Merrily On Our Way to Nowhere (instrumental),Unreleased,,,,,"Main Street U.S.A. (Disneyana), Main Street U.S.A. (storefront)",,"Disneyana v.1, Disneyana v.3, [2012-2013] Realms of Fantasy – Designs From the Happiest Kingdoms of Them All!",,,,Mr. Toad's Wild Ride Queue,12,
Medley: Fathoms Below / Kiss the Girl / Tour of the Kingdom / Part of Your World,Unreleased,,,,,"Main Street U.S.A. (Disneyana), Main Street U.S.A. (storefront)",,"Disneyana v.1, Disneyana v.3, [2012-2013] Realms of Fantasy – Designs From the Happiest Kingdoms of Them All!",,,,The Little Mermaid: Ariel's Undersea Adventure Queue,13,
Foyer Organ,The Haunted Mansion Unofficial 36th Anniversary,,,,,Main Street U.S.A. (Opera House Lobby),,[2019-2023] Happy Haunts Materialize – Fifty Spirited Years of the Haunted Mansion,"This loop played in the Disney Gallery in the Main Street, U.S.A. Opera House as part of the “Happy Haunts Materialize” exhibit, which ran from July 2019-January 2023. There were a lot of SFX added on top of the music tracks. Tracklist compiled by SSrustworthy  based on her live recording. See MouseBits, https://forums.mousebits.com/threads/muppets-haunted-mansion.10704/post-98363 (2022) and https://forums.mousebits.com/threads/disney-gallery-happy-haunts-materialize.10898/#post-99256 (2023).",00:05:14.112,,,1,"this is repeated twice, the second repeat fades out at 0:54.568"
Seance Music,The Haunted Mansion Unofficial 36th Anniversary,,,,,Main Street U.S.A. (Opera House Lobby),,[2019-2023] Happy Haunts Materialize – Fifty Spirited Years of the Haunted Mansion,,,,,2,"fade in for 0:04.284, crossfade with another repeat at 0:57.938. Second repeat fades out at 0:23.181"
"Haunted Mansion, ‘Ballroom Organ’",Disneyland Forever,,,,,Main Street U.S.A. (Opera House Lobby),,[2019-2023] Happy Haunts Materialize – Fifty Spirited Years of the Haunted Mansion,,,,,3,fade out at 0:58.930
"Haunted Mansion, ‘Graveyard Music’ (original release)",Disneyland Forever,,,,,Main Street U.S.A. (Opera House Lobby),,[2019-2023] Happy Haunts Materialize – Fifty Spirited Years of the Haunted Mansion,,,,,4,"fade in at 0:14.018, fade out at 1:12.920"
When You Wish Upon A Star,Piano Inspirations: Uplifting Songs On Solo Piano,,,,,Main Street U.S.A. (Opera House Lobby),,[2023-2024] Disney 100 Years of Wonder,"This loop played in the Disney Gallery in the Main Street, U.S.A. Opera House as part of the “Disney 100 Years of Wonder” exhibit, which ran from January 2023-April 2024. It consists of a single track. Tracklist compiled by SSrustworthy based on StarWarsGalaxysEdge’s live recording. See MouseBits, https://forums.mousebits.com/threads/disneyland-gallery.10887/post-99204 (2023).",00:04:29.946,00:04:29.946,Stan Whitmire,1,There is likely a small fade out at the end to truncate the ringing final note.
Why Build Theme Parks?,The Imagineering Story (Original Soundtrack),,,,,Main Street U.S.A. (Opera House Lobby),,[2025-] Walt Disney – A Magical Life Exhibits AKA Evolution of a Dream [REF],"This loop plays in the Disney Gallery in the Main Street, U.S.A. Opera House as part of the “Walt Disney  – A Magical Life” exhibits, which opened in July 2025. Tracklist compiled by pixelated based on his August 2025 recording. See MouseBits, https://forums.mousebits.com/threads/walt-disney-a-magical-life-exhibits.11178/post-100517 (2025).",30:40.948,,Jeff Kryka,1,"Late start, end early"
Leisurely Stroll,Saving Mr. Banks (Original Motion Picture Soundtrack),,,,,Main Street U.S.A. (Opera House Lobby),,[2025-] Walt Disney – A Magical Life Exhibits AKA Evolution of a Dream [REF],,,,Thomas Newman,2,Late start
Tokyo Disney Seas,The Imagineering Story (Original Soundtrack),,,,,Main Street U.S.A. (Opera House Lobby),,[2025-] Walt Disney – A Magical Life Exhibits AKA Evolution of a Dream [REF],,,,Jeff Kryka,3,
Ginty My Love,Saving Mr. Banks (Original Motion Picture Soundtrack),,,,,Main Street U.S.A. (Opera House Lobby),,[2025-] Walt Disney – A Magical Life Exhibits AKA Evolution of a Dream [REF],,,,Thomas Newman,4,
Main Titles,The Cider House Rules (Music From The Miramax Motion Picture)  ,,,,,Main Street U.S.A. (Opera House Lobby),,[2025-] Walt Disney – A Magical Life Exhibits AKA Evolution of a Dream [REF],,,,Rachel Portman,5,End early
Uncle Albert,Saving Mr. Banks (Original Motion Picture Soundtrack),,,,,Main Street U.S.A. (Opera House Lobby),,[2025-] Walt Disney – A Magical Life Exhibits AKA Evolution of a Dream [REF],,,,Thomas Newman,6,Late start
Collecting Research,The Imagineering Story (Original Soundtrack),,,,,Main Street U.S.A. (Opera House Lobby),,[2025-] Walt Disney – A Magical Life Exhibits AKA Evolution of a Dream [REF],,,,Jeff Kryka,7,
Four Levels of Detail,The Imagineering Story (Original Soundtrack),,,,,Main Street U.S.A. (Opera House Lobby),,[2025-] Walt Disney – A Magical Life Exhibits AKA Evolution of a Dream [REF],,,,Jeff Kryka,8,
The Magic Kingdom,Saving Mr. Banks (Original Motion Picture Soundtrack),,,,,Main Street U.S.A. (Opera House Lobby),,[2025-] Walt Disney – A Magical Life Exhibits AKA Evolution of a Dream [REF],,,,Thomas Newman,9,
Sense of Scale,The Imagineering Story (Original Soundtrack),,,,,Main Street U.S.A. (Opera House Lobby),,[2025-] Walt Disney – A Magical Life Exhibits AKA Evolution of a Dream [REF],,,,Jeff Kryka,10,
Aesthetics of the Seas,The Imagineering Story (Original Soundtrack),,,,,Main Street U.S.A. (Opera House Lobby),,[2025-] Walt Disney – A Magical Life Exhibits AKA Evolution of a Dream [REF],,,,Jeff Kryka,11,
Main Titles,Emma (Original Score),,,,,Main Street U.S.A. (Opera House Lobby),,[2025-] Walt Disney – A Magical Life Exhibits AKA Evolution of a Dream [REF],,,,Rachel Portman,12,
Little Edie On Chair,Grey Gardens (Music From The HBO Film),,,,,Main Street U.S.A. (Opera House Lobby),,[2025-] Walt Disney – A Magical Life Exhibits AKA Evolution of a Dream [REF],,,,Rachel Portman,13,
Travers Goff,Saving Mr. Banks (Original Motion Picture Soundtrack),,,,,Main Street U.S.A. (Opera House Lobby),,[2025-] Walt Disney – A Magical Life Exhibits AKA Evolution of a Dream [REF],,,,Thomas Newman,14,Late start
Where Do We Go From Here,The Imagineering Story (Original Soundtrack),,,,,Main Street U.S.A. (Opera House Lobby),,[2025-] Walt Disney – A Magical Life Exhibits AKA Evolution of a Dream [REF],,,,Jeff Kryka,15,
Saving Mr. Banks (End Title),Saving Mr. Banks (Original Motion Picture Soundtrack),,,,,Main Street U.S.A. (Opera House Lobby),,[2025-] Walt Disney – A Magical Life Exhibits AKA Evolution of a Dream [REF],,,,Thomas Newman,16,Late start (fade in)
Care of Our Imagineers,The Imagineering Story (Original Soundtrack),,,,,Main Street U.S.A. (Opera House Lobby),,[2025-] Walt Disney – A Magical Life Exhibits AKA Evolution of a Dream [REF],,,,Jeff Kryka,17,